{
  "project_info": {
    "project_number": "592124060157",
    "firebase_url": "https://seg2105-lab05-by-default-rtdb.firebaseio.com",
    "project_id": "seg2105-lab05-by",
    "storage_bucket": "seg2105-lab05-by.firebasestorage.app"
  },
  "client": [
    {
      "client_info": {
        "mobilesdk_app_id": "1:592124060157:android:3a04ab5d8ea5f02906f994",
        "android_client_info": {
          "package_name": "com.example.productcatalog"
        }
      },
      "oauth_client": [],
      "api_key": [
        {
          "current_key": "AIzaSyAntQuJLfbgsJldmcPBpDGc1QUVjoL44QI"
        }
      ],
      "services": {
        "appinvite_service": {
          "other_platform_oauth_client": []
        }
      }
    }
  ],
  "configuration_version": "1"
}